{
  "frames": {
    "Dead (1)": {
      "trimmed": true,
      "rotated": false,
      "frame": {
        "x": 602,
        "y": 19,
        "w": 38,
        "h": 46
      },
      "spriteSourceSize": {
        "x": 0,
        "y": 7,
        "w": 38,
        "h": 46
      },
      "sourceSize": {
        "w": 64,
        "h": 58
      }
    },
    "Dead (10)": {
      "trimmed": true,
      "rotated": false,
      "frame": {
        "x": 756,
        "y": 0,
        "w": 46,
        "h": 36
      },
      "spriteSourceSize": {
        "x": 15,
        "y": 17,
        "w": 46,
        "h": 36
      },
      "sourceSize": {
        "w": 64,
        "h": 58
      }
    },
    "Dead (9)": {
      "trimmed": true,
      "rotated": false,
      "frame": {
        "x": 756,
        "y": 0,
        "w": 46,
        "h": 36
      },
      "spriteSourceSize": {
        "x": 15,
        "y": 17,
        "w": 46,
        "h": 36
      },
      "sourceSize": {
        "w": 64,
        "h": 58
      }
    },
    "Dead (2)": {
      "trimmed": true,
      "rotated": false,
      "frame": {
        "x": 285,
        "y": 58,
        "w": 39,
        "h": 51
      },
      "spriteSourceSize": {
        "x": 7,
        "y": 2,
        "w": 39,
        "h": 51
      },
      "sourceSize": {
        "w": 64,
        "h": 58
      }
    },
    "Dead (3)": {
      "trimmed": true,
      "rotated": false,
      "frame": {
        "x": 280,
        "y": 5,
        "w": 44,
        "h": 51
      },
      "spriteSourceSize": {
        "x": 10,
        "y": 2,
        "w": 44,
        "h": 51
      },
      "sourceSize": {
        "w": 64,
        "h": 58
      }
    },
    "Dead (4)": {
      "trimmed": true,
      "rotated": false,
      "frame": {
        "x": 802,
        "y": 0,
        "w": 44,
        "h": 39
      },
      "spriteSourceSize": {
        "x": 14,
        "y": 14,
        "w": 44,
        "h": 39
      },
      "sourceSize": {
        "w": 64,
        "h": 58
      }
    },
    "Dead (5)": {
      "trimmed": true,
      "rotated": false,
      "frame": {
        "x": 728,
        "y": 77,
        "w": 48,
        "h": 41
      },
      "spriteSourceSize": {
        "x": 14,
        "y": 12,
        "w": 48,
        "h": 41
      },
      "sourceSize": {
        "w": 64,
        "h": 58
      }
    },
    "Dead (6)": {
      "trimmed": true,
      "rotated": false,
      "frame": {
        "x": 795,
        "y": 39,
        "w": 46,
        "h": 39
      },
      "spriteSourceSize": {
        "x": 15,
        "y": 14,
        "w": 46,
        "h": 39
      },
      "sourceSize": {
        "w": 64,
        "h": 58
      }
    },
    "Dead (7)": {
      "trimmed": true,
      "rotated": false,
      "frame": {
        "x": 831,
        "y": 122,
        "w": 45,
        "h": 38
      },
      "spriteSourceSize": {
        "x": 15,
        "y": 15,
        "w": 45,
        "h": 38
      },
      "sourceSize": {
        "w": 64,
        "h": 58
      }
    },
    "Dead (8)": {
      "trimmed": true,
      "rotated": false,
      "frame": {
        "x": 841,
        "y": 45,
        "w": 45,
        "h": 37
      },
      "spriteSourceSize": {
        "x": 15,
        "y": 16,
        "w": 45,
        "h": 37
      },
      "sourceSize": {
        "w": 64,
        "h": 58
      }
    },
    "Fall (1)": {
      "trimmed": true,
      "rotated": false,
      "frame": {
        "x": 500,
        "y": 61,
        "w": 34,
        "h": 49
      },
      "spriteSourceSize": {
        "x": 8,
        "y": 3,
        "w": 34,
        "h": 49
      },
      "sourceSize": {
        "w": 64,
        "h": 56
      }
    },
    "Jump (5)": {
      "trimmed": true,
      "rotated": false,
      "frame": {
        "x": 500,
        "y": 61,
        "w": 34,
        "h": 49
      },
      "spriteSourceSize": {
        "x": 8,
        "y": 3,
        "w": 34,
        "h": 49
      },
      "sourceSize": {
        "w": 64,
        "h": 56
      }
    },
    "Fall (2)": {
      "trimmed": true,
      "rotated": false,
      "frame": {
        "x": 0,
        "y": 0,
        "w": 35,
        "h": 53
      },
      "spriteSourceSize": {
        "x": 8,
        "y": 2,
        "w": 35,
        "h": 53
      },
      "sourceSize": {
        "w": 64,
        "h": 56
      }
    },
    "Fall (3)": {
      "trimmed": true,
      "rotated": false,
      "frame": {
        "x": 35,
        "y": 1,
        "w": 36,
        "h": 52
      },
      "spriteSourceSize": {
        "x": 8,
        "y": 2,
        "w": 36,
        "h": 52
      },
      "sourceSize": {
        "w": 64,
        "h": 56
      }
    },
    "Fall (4)": {
      "trimmed": true,
      "rotated": false,
      "frame": {
        "x": 360,
        "y": 58,
        "w": 35,
        "h": 51
      },
      "spriteSourceSize": {
        "x": 8,
        "y": 2,
        "w": 35,
        "h": 51
      },
      "sourceSize": {
        "w": 64,
        "h": 56
      }
    },
    "Fall (5)": {
      "trimmed": true,
      "rotated": false,
      "frame": {
        "x": 465,
        "y": 8,
        "w": 34,
        "h": 50
      },
      "spriteSourceSize": {
        "x": 8,
        "y": 3,
        "w": 34,
        "h": 50
      },
      "sourceSize": {
        "w": 64,
        "h": 56
      }
    },
    "Fall (6)": {
      "trimmed": true,
      "rotated": false,
      "frame": {
        "x": 372,
        "y": 109,
        "w": 35,
        "h": 51
      },
      "spriteSourceSize": {
        "x": 8,
        "y": 2,
        "w": 35,
        "h": 51
      },
      "sourceSize": {
        "w": 64,
        "h": 56
      }
    },
    "Fall (7)": {
      "trimmed": true,
      "rotated": false,
      "frame": {
        "x": 324,
        "y": 58,
        "w": 36,
        "h": 51
      },
      "spriteSourceSize": {
        "x": 8,
        "y": 2,
        "w": 36,
        "h": 51
      },
      "sourceSize": {
        "w": 64,
        "h": 56
      }
    },
    "Fall (8)": {
      "trimmed": true,
      "rotated": false,
      "frame": {
        "x": 360,
        "y": 7,
        "w": 35,
        "h": 51
      },
      "spriteSourceSize": {
        "x": 8,
        "y": 2,
        "w": 35,
        "h": 51
      },
      "sourceSize": {
        "w": 64,
        "h": 56
      }
    },
    "Hurt (1)": {
      "trimmed": true,
      "rotated": false,
      "frame": {
        "x": 569,
        "y": 65,
        "w": 38,
        "h": 47
      },
      "spriteSourceSize": {
        "x": 9,
        "y": 8,
        "w": 38,
        "h": 47
      },
      "sourceSize": {
        "w": 64,
        "h": 56
      }
    },
    "Hurt (10)": {
      "trimmed": true,
      "rotated": false,
      "frame": {
        "x": 0,
        "y": 53,
        "w": 41,
        "h": 53
      },
      "spriteSourceSize": {
        "x": 15,
        "y": 2,
        "w": 41,
        "h": 53
      },
      "sourceSize": {
        "w": 64,
        "h": 56
      }
    },
    "Hurt (2)": {
      "trimmed": true,
      "rotated": false,
      "frame": {
        "x": 298,
        "y": 109,
        "w": 38,
        "h": 51
      },
      "spriteSourceSize": {
        "x": 14,
        "y": 4,
        "w": 38,
        "h": 51
      },
      "sourceSize": {
        "w": 64,
        "h": 56
      }
    },
    "Hurt (3)": {
      "trimmed": true,
      "rotated": false,
      "frame": {
        "x": 0,
        "y": 106,
        "w": 42,
        "h": 54
      },
      "spriteSourceSize": {
        "x": 14,
        "y": 1,
        "w": 42,
        "h": 54
      },
      "sourceSize": {
        "w": 64,
        "h": 56
      }
    },
    "Hurt (4)": {
      "trimmed": true,
      "rotated": false,
      "frame": {
        "x": 252,
        "y": 109,
        "w": 46,
        "h": 51
      },
      "spriteSourceSize": {
        "x": 14,
        "y": 4,
        "w": 46,
        "h": 51
      },
      "sourceSize": {
        "w": 64,
        "h": 56
      }
    },
    "Hurt (5)": {
      "trimmed": true,
      "rotated": false,
      "frame": {
        "x": 624,
        "y": 118,
        "w": 45,
        "h": 42
      },
      "spriteSourceSize": {
        "x": 15,
        "y": 13,
        "w": 45,
        "h": 42
      },
      "sourceSize": {
        "w": 64,
        "h": 56
      }
    },
    "Hurt (6)": {
      "trimmed": true,
      "rotated": false,
      "frame": {
        "x": 785,
        "y": 120,
        "w": 46,
        "h": 40
      },
      "spriteSourceSize": {
        "x": 15,
        "y": 15,
        "w": 46,
        "h": 40
      },
      "sourceSize": {
        "w": 64,
        "h": 56
      }
    },
    "Hurt (7)": {
      "trimmed": true,
      "rotated": false,
      "frame": {
        "x": 815,
        "y": 82,
        "w": 47,
        "h": 38
      },
      "spriteSourceSize": {
        "x": 16,
        "y": 17,
        "w": 47,
        "h": 38
      },
      "sourceSize": {
        "w": 64,
        "h": 56
      }
    },
    "Hurt (8)": {
      "trimmed": true,
      "rotated": false,
      "frame": {
        "x": 607,
        "y": 68,
        "w": 43,
        "h": 45
      },
      "spriteSourceSize": {
        "x": 16,
        "y": 10,
        "w": 43,
        "h": 45
      },
      "sourceSize": {
        "w": 64,
        "h": 56
      }
    },
    "Hurt (9)": {
      "trimmed": true,
      "rotated": false,
      "frame": {
        "x": 477,
        "y": 110,
        "w": 44,
        "h": 50
      },
      "spriteSourceSize": {
        "x": 15,
        "y": 5,
        "w": 44,
        "h": 50
      },
      "sourceSize": {
        "w": 64,
        "h": 56
      }
    },
    "Idle (1)": {
      "trimmed": true,
      "rotated": false,
      "frame": {
        "x": 77,
        "y": 56,
        "w": 35,
        "h": 52
      },
      "spriteSourceSize": {
        "x": 12,
        "y": 3,
        "w": 35,
        "h": 52
      },
      "sourceSize": {
        "w": 64,
        "h": 56
      }
    },
    "Idle (10)": {
      "trimmed": true,
      "rotated": false,
      "frame": {
        "x": 78,
        "y": 108,
        "w": 35,
        "h": 52
      },
      "spriteSourceSize": {
        "x": 12,
        "y": 3,
        "w": 35,
        "h": 52
      },
      "sourceSize": {
        "w": 64,
        "h": 56
      }
    },
    "Idle (2)": {
      "trimmed": true,
      "rotated": false,
      "frame": {
        "x": 107,
        "y": 4,
        "w": 35,
        "h": 52
      },
      "spriteSourceSize": {
        "x": 12,
        "y": 3,
        "w": 35,
        "h": 52
      },
      "sourceSize": {
        "w": 64,
        "h": 56
      }
    },
    "Idle (3)": {
      "trimmed": true,
      "rotated": false,
      "frame": {
        "x": 112,
        "y": 56,
        "w": 35,
        "h": 52
      },
      "spriteSourceSize": {
        "x": 12,
        "y": 3,
        "w": 35,
        "h": 52
      },
      "sourceSize": {
        "w": 64,
        "h": 56
      }
    },
    "Idle (4)": {
      "trimmed": true,
      "rotated": false,
      "frame": {
        "x": 395,
        "y": 58,
        "w": 35,
        "h": 51
      },
      "spriteSourceSize": {
        "x": 12,
        "y": 4,
        "w": 35,
        "h": 51
      },
      "sourceSize": {
        "w": 64,
        "h": 56
      }
    },
    "Idle (5)": {
      "trimmed": true,
      "rotated": false,
      "frame": {
        "x": 407,
        "y": 109,
        "w": 35,
        "h": 51
      },
      "spriteSourceSize": {
        "x": 12,
        "y": 4,
        "w": 35,
        "h": 51
      },
      "sourceSize": {
        "w": 64,
        "h": 56
      }
    },
    "Idle (6)": {
      "trimmed": true,
      "rotated": false,
      "frame": {
        "x": 395,
        "y": 7,
        "w": 35,
        "h": 51
      },
      "spriteSourceSize": {
        "x": 12,
        "y": 4,
        "w": 35,
        "h": 51
      },
      "sourceSize": {
        "w": 64,
        "h": 56
      }
    },
    "Idle (7)": {
      "trimmed": true,
      "rotated": false,
      "frame": {
        "x": 430,
        "y": 58,
        "w": 35,
        "h": 51
      },
      "spriteSourceSize": {
        "x": 12,
        "y": 4,
        "w": 35,
        "h": 51
      },
      "sourceSize": {
        "w": 64,
        "h": 56
      }
    },
    "Idle (8)": {
      "trimmed": true,
      "rotated": false,
      "frame": {
        "x": 442,
        "y": 109,
        "w": 35,
        "h": 51
      },
      "spriteSourceSize": {
        "x": 12,
        "y": 4,
        "w": 35,
        "h": 51
      },
      "sourceSize": {
        "w": 64,
        "h": 56
      }
    },
    "Idle (9)": {
      "trimmed": true,
      "rotated": false,
      "frame": {
        "x": 113,
        "y": 108,
        "w": 35,
        "h": 52
      },
      "spriteSourceSize": {
        "x": 12,
        "y": 3,
        "w": 35,
        "h": 52
      },
      "sourceSize": {
        "w": 64,
        "h": 56
      }
    },
    "Jump (1)": {
      "trimmed": true,
      "rotated": false,
      "frame": {
        "x": 41,
        "y": 54,
        "w": 36,
        "h": 52
      },
      "spriteSourceSize": {
        "x": 15,
        "y": 3,
        "w": 36,
        "h": 52
      },
      "sourceSize": {
        "w": 64,
        "h": 56
      }
    },
    "Jump (2)": {
      "trimmed": true,
      "rotated": false,
      "frame": {
        "x": 212,
        "y": 4,
        "w": 34,
        "h": 52
      },
      "spriteSourceSize": {
        "x": 12,
        "y": 2,
        "w": 34,
        "h": 52
      },
      "sourceSize": {
        "w": 64,
        "h": 56
      }
    },
    "Jump (3)": {
      "trimmed": true,
      "rotated": false,
      "frame": {
        "x": 521,
        "y": 112,
        "w": 35,
        "h": 48
      },
      "spriteSourceSize": {
        "x": 7,
        "y": 2,
        "w": 35,
        "h": 48
      },
      "sourceSize": {
        "w": 64,
        "h": 56
      }
    },
    "Jump (4)": {
      "trimmed": true,
      "rotated": false,
      "frame": {
        "x": 556,
        "y": 112,
        "w": 34,
        "h": 48
      },
      "spriteSourceSize": {
        "x": 8,
        "y": 3,
        "w": 34,
        "h": 48
      },
      "sourceSize": {
        "w": 64,
        "h": 56
      }
    },
    "Jump (6)": {
      "trimmed": true,
      "rotated": false,
      "frame": {
        "x": 534,
        "y": 16,
        "w": 34,
        "h": 48
      },
      "spriteSourceSize": {
        "x": 8,
        "y": 3,
        "w": 34,
        "h": 48
      },
      "sourceSize": {
        "w": 64,
        "h": 56
      }
    },
    "Jump (7)": {
      "trimmed": true,
      "rotated": false,
      "frame": {
        "x": 534,
        "y": 64,
        "w": 35,
        "h": 48
      },
      "spriteSourceSize": {
        "x": 7,
        "y": 2,
        "w": 35,
        "h": 48
      },
      "sourceSize": {
        "w": 64,
        "h": 56
      }
    },
    "Jump (8)": {
      "trimmed": true,
      "rotated": false,
      "frame": {
        "x": 568,
        "y": 16,
        "w": 34,
        "h": 48
      },
      "spriteSourceSize": {
        "x": 8,
        "y": 3,
        "w": 34,
        "h": 48
      },
      "sourceSize": {
        "w": 64,
        "h": 56
      }
    },
    "Run (1)": {
      "trimmed": true,
      "rotated": false,
      "frame": {
        "x": 71,
        "y": 2,
        "w": 36,
        "h": 52
      },
      "spriteSourceSize": {
        "x": 15,
        "y": 3,
        "w": 36,
        "h": 52
      },
      "sourceSize": {
        "w": 64,
        "h": 56
      }
    },
    "Run (2)": {
      "trimmed": true,
      "rotated": false,
      "frame": {
        "x": 336,
        "y": 109,
        "w": 36,
        "h": 51
      },
      "spriteSourceSize": {
        "x": 16,
        "y": 3,
        "w": 36,
        "h": 51
      },
      "sourceSize": {
        "w": 64,
        "h": 56
      }
    },
    "Run (3)": {
      "trimmed": true,
      "rotated": false,
      "frame": {
        "x": 590,
        "y": 113,
        "w": 34,
        "h": 47
      },
      "spriteSourceSize": {
        "x": 18,
        "y": 4,
        "w": 34,
        "h": 47
      },
      "sourceSize": {
        "w": 64,
        "h": 56
      }
    },
    "Run (4)": {
      "trimmed": true,
      "rotated": false,
      "frame": {
        "x": 324,
        "y": 7,
        "w": 36,
        "h": 51
      },
      "spriteSourceSize": {
        "x": 16,
        "y": 3,
        "w": 36,
        "h": 51
      },
      "sourceSize": {
        "w": 64,
        "h": 56
      }
    },
    "Run (5)": {
      "trimmed": true,
      "rotated": false,
      "frame": {
        "x": 42,
        "y": 108,
        "w": 36,
        "h": 52
      },
      "spriteSourceSize": {
        "x": 15,
        "y": 3,
        "w": 36,
        "h": 52
      },
      "sourceSize": {
        "w": 64,
        "h": 56
      }
    },
    "Run (6)": {
      "trimmed": true,
      "rotated": false,
      "frame": {
        "x": 430,
        "y": 7,
        "w": 35,
        "h": 51
      },
      "spriteSourceSize": {
        "x": 16,
        "y": 3,
        "w": 35,
        "h": 51
      },
      "sourceSize": {
        "w": 64,
        "h": 56
      }
    },
    "Run (7)": {
      "trimmed": true,
      "rotated": false,
      "frame": {
        "x": 499,
        "y": 9,
        "w": 35,
        "h": 49
      },
      "spriteSourceSize": {
        "x": 17,
        "y": 3,
        "w": 35,
        "h": 49
      },
      "sourceSize": {
        "w": 64,
        "h": 56
      }
    },
    "Run (8)": {
      "trimmed": true,
      "rotated": false,
      "frame": {
        "x": 465,
        "y": 58,
        "w": 35,
        "h": 51
      },
      "spriteSourceSize": {
        "x": 16,
        "y": 3,
        "w": 35,
        "h": 51
      },
      "sourceSize": {
        "w": 64,
        "h": 56
      }
    },
    "Slide (1)": {
      "trimmed": true,
      "rotated": false,
      "frame": {
        "x": 708,
        "y": 118,
        "w": 38,
        "h": 42
      },
      "spriteSourceSize": {
        "x": 3,
        "y": 13,
        "w": 38,
        "h": 42
      },
      "sourceSize": {
        "w": 64,
        "h": 56
      }
    },
    "Slide (10)": {
      "trimmed": true,
      "rotated": false,
      "frame": {
        "x": 640,
        "y": 26,
        "w": 39,
        "h": 42
      },
      "spriteSourceSize": {
        "x": 2,
        "y": 13,
        "w": 39,
        "h": 42
      },
      "sourceSize": {
        "w": 64,
        "h": 56
      }
    },
    "Slide (2)": {
      "trimmed": true,
      "rotated": false,
      "frame": {
        "x": 650,
        "y": 76,
        "w": 39,
        "h": 42
      },
      "spriteSourceSize": {
        "x": 2,
        "y": 13,
        "w": 39,
        "h": 42
      },
      "sourceSize": {
        "w": 64,
        "h": 56
      }
    },
    "Slide (3)": {
      "trimmed": true,
      "rotated": false,
      "frame": {
        "x": 669,
        "y": 118,
        "w": 39,
        "h": 42
      },
      "spriteSourceSize": {
        "x": 2,
        "y": 13,
        "w": 39,
        "h": 42
      },
      "sourceSize": {
        "w": 64,
        "h": 56
      }
    },
    "Slide (4)": {
      "trimmed": true,
      "rotated": false,
      "frame": {
        "x": 746,
        "y": 119,
        "w": 39,
        "h": 41
      },
      "spriteSourceSize": {
        "x": 2,
        "y": 14,
        "w": 39,
        "h": 41
      },
      "sourceSize": {
        "w": 64,
        "h": 56
      }
    },
    "Slide (5)": {
      "trimmed": true,
      "rotated": false,
      "frame": {
        "x": 679,
        "y": 34,
        "w": 39,
        "h": 42
      },
      "spriteSourceSize": {
        "x": 2,
        "y": 13,
        "w": 39,
        "h": 42
      },
      "sourceSize": {
        "w": 64,
        "h": 56
      }
    },
    "Slide (6)": {
      "trimmed": true,
      "rotated": false,
      "frame": {
        "x": 718,
        "y": 34,
        "w": 38,
        "h": 42
      },
      "spriteSourceSize": {
        "x": 3,
        "y": 13,
        "w": 38,
        "h": 42
      },
      "sourceSize": {
        "w": 64,
        "h": 56
      }
    },
    "Slide (7)": {
      "trimmed": true,
      "rotated": false,
      "frame": {
        "x": 689,
        "y": 76,
        "w": 39,
        "h": 42
      },
      "spriteSourceSize": {
        "x": 2,
        "y": 13,
        "w": 39,
        "h": 42
      },
      "sourceSize": {
        "w": 64,
        "h": 56
      }
    },
    "Slide (8)": {
      "trimmed": true,
      "rotated": false,
      "frame": {
        "x": 756,
        "y": 36,
        "w": 39,
        "h": 41
      },
      "spriteSourceSize": {
        "x": 2,
        "y": 14,
        "w": 39,
        "h": 41
      },
      "sourceSize": {
        "w": 64,
        "h": 56
      }
    },
    "Slide (9)": {
      "trimmed": true,
      "rotated": false,
      "frame": {
        "x": 776,
        "y": 78,
        "w": 39,
        "h": 41
      },
      "spriteSourceSize": {
        "x": 2,
        "y": 14,
        "w": 39,
        "h": 41
      },
      "sourceSize": {
        "w": 64,
        "h": 56
      }
    },
    "Walk (1)": {
      "trimmed": true,
      "rotated": false,
      "frame": {
        "x": 142,
        "y": 4,
        "w": 35,
        "h": 52
      },
      "spriteSourceSize": {
        "x": 12,
        "y": 3,
        "w": 35,
        "h": 52
      },
      "sourceSize": {
        "w": 64,
        "h": 56
      }
    },
    "Walk (10)": {
      "trimmed": true,
      "rotated": false,
      "frame": {
        "x": 217,
        "y": 56,
        "w": 34,
        "h": 52
      },
      "spriteSourceSize": {
        "x": 12,
        "y": 3,
        "w": 34,
        "h": 52
      },
      "sourceSize": {
        "w": 64,
        "h": 56
      }
    },
    "Walk (2)": {
      "trimmed": true,
      "rotated": false,
      "frame": {
        "x": 218,
        "y": 108,
        "w": 34,
        "h": 52
      },
      "spriteSourceSize": {
        "x": 12,
        "y": 2,
        "w": 34,
        "h": 52
      },
      "sourceSize": {
        "w": 64,
        "h": 56
      }
    },
    "Walk (3)": {
      "trimmed": true,
      "rotated": false,
      "frame": {
        "x": 147,
        "y": 56,
        "w": 35,
        "h": 52
      },
      "spriteSourceSize": {
        "x": 11,
        "y": 2,
        "w": 35,
        "h": 52
      },
      "sourceSize": {
        "w": 64,
        "h": 56
      }
    },
    "Walk (4)": {
      "trimmed": true,
      "rotated": false,
      "frame": {
        "x": 148,
        "y": 108,
        "w": 35,
        "h": 52
      },
      "spriteSourceSize": {
        "x": 11,
        "y": 2,
        "w": 35,
        "h": 52
      },
      "sourceSize": {
        "w": 64,
        "h": 56
      }
    },
    "Walk (5)": {
      "trimmed": true,
      "rotated": false,
      "frame": {
        "x": 246,
        "y": 4,
        "w": 34,
        "h": 52
      },
      "spriteSourceSize": {
        "x": 12,
        "y": 2,
        "w": 34,
        "h": 52
      },
      "sourceSize": {
        "w": 64,
        "h": 56
      }
    },
    "Walk (6)": {
      "trimmed": true,
      "rotated": false,
      "frame": {
        "x": 177,
        "y": 4,
        "w": 35,
        "h": 52
      },
      "spriteSourceSize": {
        "x": 12,
        "y": 3,
        "w": 35,
        "h": 52
      },
      "sourceSize": {
        "w": 64,
        "h": 56
      }
    },
    "Walk (7)": {
      "trimmed": true,
      "rotated": false,
      "frame": {
        "x": 251,
        "y": 56,
        "w": 34,
        "h": 52
      },
      "spriteSourceSize": {
        "x": 12,
        "y": 3,
        "w": 34,
        "h": 52
      },
      "sourceSize": {
        "w": 64,
        "h": 56
      }
    },
    "Walk (8)": {
      "trimmed": true,
      "rotated": false,
      "frame": {
        "x": 182,
        "y": 56,
        "w": 35,
        "h": 52
      },
      "spriteSourceSize": {
        "x": 11,
        "y": 2,
        "w": 35,
        "h": 52
      },
      "sourceSize": {
        "w": 64,
        "h": 56
      }
    },
    "Walk (9)": {
      "trimmed": true,
      "rotated": false,
      "frame": {
        "x": 183,
        "y": 108,
        "w": 35,
        "h": 52
      },
      "spriteSourceSize": {
        "x": 11,
        "y": 2,
        "w": 35,
        "h": 52
      },
      "sourceSize": {
        "w": 64,
        "h": 56
      }
    }
  },
  "meta": {
    "app": "Phaser Editor",
    "version": "1",
    "image": "cat.png"
  }
}