{
  "frames": {
    "ATTACK_0": {
      "trimmed": true,
      "rotated": false,
      "frame": {
        "x": 799,
        "y": 0,
        "w": 62,
        "h": 41
      },
      "spriteSourceSize": {
        "x": 2,
        "y": 0,
        "w": 62,
        "h": 41
      },
      "sourceSize": {
        "w": 64,
        "h": 43
      }
    },
    "ATTACK_1": {
      "trimmed": true,
      "rotated": false,
      "frame": {
        "x": 156,
        "y": 0,
        "w": 61,
        "h": 40
      },
      "spriteSourceSize": {
        "x": 1,
        "y": 0,
        "w": 61,
        "h": 40
      },
      "sourceSize": {
        "w": 64,
        "h": 43
      }
    },
    "ATTACK_2": {
      "trimmed": true,
      "rotated": false,
      "frame": {
        "x": 276,
        "y": 0,
        "w": 57,
        "h": 40
      },
      "spriteSourceSize": {
        "x": 1,
        "y": 0,
        "w": 57,
        "h": 40
      },
      "sourceSize": {
        "w": 64,
        "h": 43
      }
    },
    "ATTACK_3": {
      "trimmed": true,
      "rotated": false,
      "frame": {
        "x": 333,
        "y": 0,
        "w": 54,
        "h": 40
      },
      "spriteSourceSize": {
        "x": 2,
        "y": 2,
        "w": 54,
        "h": 40
      },
      "sourceSize": {
        "w": 64,
        "h": 43
      }
    },
    "ATTACK_4": {
      "trimmed": true,
      "rotated": false,
      "frame": {
        "x": 437,
        "y": 1,
        "w": 50,
        "h": 39
      },
      "spriteSourceSize": {
        "x": 3,
        "y": 3,
        "w": 50,
        "h": 39
      },
      "sourceSize": {
        "w": 64,
        "h": 43
      }
    },
    "ATTACK_5": {
      "trimmed": true,
      "rotated": false,
      "frame": {
        "x": 387,
        "y": 0,
        "w": 50,
        "h": 40
      },
      "spriteSourceSize": {
        "x": 4,
        "y": 0,
        "w": 50,
        "h": 40
      },
      "sourceSize": {
        "w": 64,
        "h": 43
      }
    },
    "ATTACK_6": {
      "trimmed": true,
      "rotated": false,
      "frame": {
        "x": 100,
        "y": 0,
        "w": 56,
        "h": 39
      },
      "spriteSourceSize": {
        "x": 3,
        "y": 3,
        "w": 56,
        "h": 39
      },
      "sourceSize": {
        "w": 64,
        "h": 43
      }
    },
    "ATTACK_7": {
      "trimmed": true,
      "rotated": false,
      "frame": {
        "x": 217,
        "y": 0,
        "w": 59,
        "h": 40
      },
      "spriteSourceSize": {
        "x": 3,
        "y": 2,
        "w": 59,
        "h": 40
      },
      "sourceSize": {
        "w": 64,
        "h": 43
      }
    },
    "_DIE_0": {
      "trimmed": true,
      "rotated": false,
      "frame": {
        "x": 0,
        "y": 2,
        "w": 50,
        "h": 36
      },
      "spriteSourceSize": {
        "x": 14,
        "y": 2,
        "w": 50,
        "h": 36
      },
      "sourceSize": {
        "w": 64,
        "h": 48
      }
    },
    "_DIE_1": {
      "trimmed": true,
      "rotated": false,
      "frame": {
        "x": 50,
        "y": 2,
        "w": 50,
        "h": 36
      },
      "spriteSourceSize": {
        "x": 13,
        "y": 3,
        "w": 50,
        "h": 36
      },
      "sourceSize": {
        "w": 64,
        "h": 48
      }
    },
    "_DIE_2": {
      "trimmed": true,
      "rotated": false,
      "frame": {
        "x": 487,
        "y": 6,
        "w": 48,
        "h": 34
      },
      "spriteSourceSize": {
        "x": 13,
        "y": 5,
        "w": 48,
        "h": 34
      },
      "sourceSize": {
        "w": 64,
        "h": 48
      }
    },
    "_DIE_3": {
      "trimmed": true,
      "rotated": false,
      "frame": {
        "x": 535,
        "y": 10,
        "w": 52,
        "h": 30
      },
      "spriteSourceSize": {
        "x": 8,
        "y": 10,
        "w": 52,
        "h": 30
      },
      "sourceSize": {
        "w": 64,
        "h": 48
      }
    },
    "_DIE_4": {
      "trimmed": true,
      "rotated": false,
      "frame": {
        "x": 587,
        "y": 13,
        "w": 54,
        "h": 27
      },
      "spriteSourceSize": {
        "x": 4,
        "y": 15,
        "w": 54,
        "h": 27
      },
      "sourceSize": {
        "w": 64,
        "h": 48
      }
    },
    "_DIE_5": {
      "trimmed": true,
      "rotated": false,
      "frame": {
        "x": 641,
        "y": 15,
        "w": 54,
        "h": 25
      },
      "spriteSourceSize": {
        "x": 3,
        "y": 20,
        "w": 54,
        "h": 25
      },
      "sourceSize": {
        "w": 64,
        "h": 48
      }
    },
    "_DIE_6": {
      "trimmed": true,
      "rotated": false,
      "frame": {
        "x": 695,
        "y": 17,
        "w": 52,
        "h": 23
      },
      "spriteSourceSize": {
        "x": 4,
        "y": 23,
        "w": 52,
        "h": 23
      },
      "sourceSize": {
        "w": 64,
        "h": 48
      }
    },
    "_HURT_0": {
      "trimmed": true,
      "rotated": false,
      "frame": {
        "x": 1051,
        "y": 42,
        "w": 59,
        "h": 43
      },
      "spriteSourceSize": {
        "x": 5,
        "y": 2,
        "w": 59,
        "h": 43
      },
      "sourceSize": {
        "w": 64,
        "h": 46
      }
    },
    "_HURT_1": {
      "trimmed": true,
      "rotated": false,
      "frame": {
        "x": 1285,
        "y": 1,
        "w": 57,
        "h": 42
      },
      "spriteSourceSize": {
        "x": 5,
        "y": 3,
        "w": 57,
        "h": 42
      },
      "sourceSize": {
        "w": 64,
        "h": 46
      }
    },
    "_HURT_2": {
      "trimmed": true,
      "rotated": false,
      "frame": {
        "x": 1342,
        "y": 1,
        "w": 56,
        "h": 42
      },
      "spriteSourceSize": {
        "x": 4,
        "y": 0,
        "w": 56,
        "h": 42
      },
      "sourceSize": {
        "w": 64,
        "h": 46
      }
    },
    "_HURT_3": {
      "trimmed": true,
      "rotated": false,
      "frame": {
        "x": 920,
        "y": 0,
        "w": 53,
        "h": 41
      },
      "spriteSourceSize": {
        "x": 4,
        "y": 0,
        "w": 53,
        "h": 41
      },
      "sourceSize": {
        "w": 64,
        "h": 46
      }
    },
    "_HURT_4": {
      "trimmed": true,
      "rotated": false,
      "frame": {
        "x": 973,
        "y": 0,
        "w": 53,
        "h": 41
      },
      "spriteSourceSize": {
        "x": 4,
        "y": 0,
        "w": 53,
        "h": 41
      },
      "sourceSize": {
        "w": 64,
        "h": 46
      }
    },
    "_HURT_5": {
      "trimmed": true,
      "rotated": false,
      "frame": {
        "x": 1343,
        "y": 43,
        "w": 56,
        "h": 42
      },
      "spriteSourceSize": {
        "x": 4,
        "y": 0,
        "w": 56,
        "h": 42
      },
      "sourceSize": {
        "w": 64,
        "h": 46
      }
    },
    "_HURT_6": {
      "trimmed": true,
      "rotated": false,
      "frame": {
        "x": 1286,
        "y": 43,
        "w": 57,
        "h": 42
      },
      "spriteSourceSize": {
        "x": 5,
        "y": 3,
        "w": 57,
        "h": 42
      },
      "sourceSize": {
        "w": 64,
        "h": 46
      }
    },
    "_IDLE_0": {
      "trimmed": true,
      "rotated": false,
      "frame": {
        "x": 254,
        "y": 40,
        "w": 63,
        "h": 45
      },
      "spriteSourceSize": {
        "x": 0,
        "y": 0,
        "w": 63,
        "h": 45
      },
      "sourceSize": {
        "w": 64,
        "h": 45
      }
    },
    "_IDLE_1": {
      "trimmed": true,
      "rotated": false,
      "frame": {
        "x": 317,
        "y": 40,
        "w": 63,
        "h": 45
      },
      "spriteSourceSize": {
        "x": 0,
        "y": 0,
        "w": 63,
        "h": 45
      },
      "sourceSize": {
        "w": 64,
        "h": 45
      }
    },
    "_IDLE_2": {
      "trimmed": true,
      "rotated": false,
      "frame": {
        "x": 380,
        "y": 40,
        "w": 63,
        "h": 45
      },
      "spriteSourceSize": {
        "x": 0,
        "y": 0,
        "w": 63,
        "h": 45
      },
      "sourceSize": {
        "w": 64,
        "h": 45
      }
    },
    "_IDLE_3": {
      "trimmed": true,
      "rotated": false,
      "frame": {
        "x": 126,
        "y": 40,
        "w": 64,
        "h": 45
      },
      "spriteSourceSize": {
        "x": 0,
        "y": 0,
        "w": 64,
        "h": 45
      },
      "sourceSize": {
        "w": 64,
        "h": 45
      }
    },
    "_IDLE_4": {
      "trimmed": true,
      "rotated": false,
      "frame": {
        "x": 190,
        "y": 40,
        "w": 64,
        "h": 45
      },
      "spriteSourceSize": {
        "x": 0,
        "y": 0,
        "w": 64,
        "h": 45
      },
      "sourceSize": {
        "w": 64,
        "h": 45
      }
    },
    "_IDLE_5": {
      "trimmed": true,
      "rotated": false,
      "frame": {
        "x": 443,
        "y": 40,
        "w": 63,
        "h": 45
      },
      "spriteSourceSize": {
        "x": 0,
        "y": 0,
        "w": 63,
        "h": 45
      },
      "sourceSize": {
        "w": 64,
        "h": 45
      }
    },
    "_IDLE_6": {
      "trimmed": true,
      "rotated": false,
      "frame": {
        "x": 506,
        "y": 40,
        "w": 63,
        "h": 45
      },
      "spriteSourceSize": {
        "x": 0,
        "y": 0,
        "w": 63,
        "h": 45
      },
      "sourceSize": {
        "w": 64,
        "h": 45
      }
    },
    "_JUMP_0": {
      "trimmed": true,
      "rotated": false,
      "frame": {
        "x": 861,
        "y": 0,
        "w": 59,
        "h": 41
      },
      "spriteSourceSize": {
        "x": 5,
        "y": 0,
        "w": 59,
        "h": 41
      },
      "sourceSize": {
        "w": 64,
        "h": 55
      }
    },
    "_JUMP_1": {
      "trimmed": true,
      "rotated": false,
      "frame": {
        "x": 1398,
        "y": 1,
        "w": 55,
        "h": 42
      },
      "spriteSourceSize": {
        "x": 6,
        "y": 12,
        "w": 55,
        "h": 42
      },
      "sourceSize": {
        "w": 64,
        "h": 55
      }
    },
    "_JUMP_2": {
      "trimmed": true,
      "rotated": false,
      "frame": {
        "x": 756,
        "y": 40,
        "w": 43,
        "h": 45
      },
      "spriteSourceSize": {
        "x": 5,
        "y": 6,
        "w": 43,
        "h": 45
      },
      "sourceSize": {
        "w": 64,
        "h": 55
      }
    },
    "_JUMP_3": {
      "trimmed": true,
      "rotated": false,
      "frame": {
        "x": 0,
        "y": 38,
        "w": 42,
        "h": 47
      },
      "spriteSourceSize": {
        "x": 3,
        "y": 1,
        "w": 42,
        "h": 47
      },
      "sourceSize": {
        "w": 64,
        "h": 55
      }
    },
    "_JUMP_4": {
      "trimmed": true,
      "rotated": false,
      "frame": {
        "x": 42,
        "y": 38,
        "w": 42,
        "h": 47
      },
      "spriteSourceSize": {
        "x": 3,
        "y": 1,
        "w": 42,
        "h": 47
      },
      "sourceSize": {
        "w": 64,
        "h": 55
      }
    },
    "_JUMP_5": {
      "trimmed": true,
      "rotated": false,
      "frame": {
        "x": 84,
        "y": 39,
        "w": 42,
        "h": 46
      },
      "spriteSourceSize": {
        "x": 5,
        "y": 5,
        "w": 42,
        "h": 46
      },
      "sourceSize": {
        "w": 64,
        "h": 55
      }
    },
    "_JUMP_6": {
      "trimmed": true,
      "rotated": false,
      "frame": {
        "x": 1399,
        "y": 43,
        "w": 54,
        "h": 42
      },
      "spriteSourceSize": {
        "x": 6,
        "y": 12,
        "w": 54,
        "h": 42
      },
      "sourceSize": {
        "w": 64,
        "h": 55
      }
    },
    "_RUN_0": {
      "trimmed": true,
      "rotated": false,
      "frame": {
        "x": 1169,
        "y": 1,
        "w": 58,
        "h": 42
      },
      "spriteSourceSize": {
        "x": 3,
        "y": 0,
        "w": 58,
        "h": 42
      },
      "sourceSize": {
        "w": 64,
        "h": 45
      }
    },
    "_RUN_1": {
      "trimmed": true,
      "rotated": false,
      "frame": {
        "x": 1051,
        "y": 0,
        "w": 59,
        "h": 42
      },
      "spriteSourceSize": {
        "x": 4,
        "y": 0,
        "w": 59,
        "h": 42
      },
      "sourceSize": {
        "w": 64,
        "h": 45
      }
    },
    "_RUN_2": {
      "trimmed": true,
      "rotated": false,
      "frame": {
        "x": 1110,
        "y": 43,
        "w": 59,
        "h": 42
      },
      "spriteSourceSize": {
        "x": 4,
        "y": 2,
        "w": 59,
        "h": 42
      },
      "sourceSize": {
        "w": 64,
        "h": 45
      }
    },
    "_RUN_3": {
      "trimmed": true,
      "rotated": false,
      "frame": {
        "x": 1227,
        "y": 1,
        "w": 58,
        "h": 42
      },
      "spriteSourceSize": {
        "x": 4,
        "y": 2,
        "w": 58,
        "h": 42
      },
      "sourceSize": {
        "w": 64,
        "h": 45
      }
    },
    "_RUN_4": {
      "trimmed": true,
      "rotated": false,
      "frame": {
        "x": 1228,
        "y": 43,
        "w": 58,
        "h": 42
      },
      "spriteSourceSize": {
        "x": 4,
        "y": 2,
        "w": 58,
        "h": 42
      },
      "sourceSize": {
        "w": 64,
        "h": 45
      }
    },
    "_RUN_5": {
      "trimmed": true,
      "rotated": false,
      "frame": {
        "x": 1110,
        "y": 1,
        "w": 59,
        "h": 42
      },
      "spriteSourceSize": {
        "x": 4,
        "y": 2,
        "w": 59,
        "h": 42
      },
      "sourceSize": {
        "w": 64,
        "h": 45
      }
    },
    "_RUN_6": {
      "trimmed": true,
      "rotated": false,
      "frame": {
        "x": 1169,
        "y": 43,
        "w": 59,
        "h": 42
      },
      "spriteSourceSize": {
        "x": 4,
        "y": 0,
        "w": 59,
        "h": 42
      },
      "sourceSize": {
        "w": 64,
        "h": 45
      }
    },
    "_WALK_0": {
      "trimmed": true,
      "rotated": false,
      "frame": {
        "x": 569,
        "y": 40,
        "w": 63,
        "h": 45
      },
      "spriteSourceSize": {
        "x": 0,
        "y": 0,
        "w": 63,
        "h": 45
      },
      "sourceSize": {
        "w": 64,
        "h": 46
      }
    },
    "_WALK_1": {
      "trimmed": true,
      "rotated": false,
      "frame": {
        "x": 799,
        "y": 41,
        "w": 63,
        "h": 44
      },
      "spriteSourceSize": {
        "x": 0,
        "y": 1,
        "w": 63,
        "h": 44
      },
      "sourceSize": {
        "w": 64,
        "h": 46
      }
    },
    "_WALK_2": {
      "trimmed": true,
      "rotated": false,
      "frame": {
        "x": 862,
        "y": 41,
        "w": 63,
        "h": 44
      },
      "spriteSourceSize": {
        "x": 0,
        "y": 1,
        "w": 63,
        "h": 44
      },
      "sourceSize": {
        "w": 64,
        "h": 46
      }
    },
    "_WALK_3": {
      "trimmed": true,
      "rotated": false,
      "frame": {
        "x": 632,
        "y": 40,
        "w": 62,
        "h": 45
      },
      "spriteSourceSize": {
        "x": 0,
        "y": 0,
        "w": 62,
        "h": 45
      },
      "sourceSize": {
        "w": 64,
        "h": 46
      }
    },
    "_WALK_4": {
      "trimmed": true,
      "rotated": false,
      "frame": {
        "x": 694,
        "y": 40,
        "w": 62,
        "h": 45
      },
      "spriteSourceSize": {
        "x": 0,
        "y": 0,
        "w": 62,
        "h": 45
      },
      "sourceSize": {
        "w": 64,
        "h": 46
      }
    },
    "_WALK_5": {
      "trimmed": true,
      "rotated": false,
      "frame": {
        "x": 925,
        "y": 41,
        "w": 63,
        "h": 44
      },
      "spriteSourceSize": {
        "x": 0,
        "y": 1,
        "w": 63,
        "h": 44
      },
      "sourceSize": {
        "w": 64,
        "h": 46
      }
    },
    "_WALK_6": {
      "trimmed": true,
      "rotated": false,
      "frame": {
        "x": 988,
        "y": 41,
        "w": 63,
        "h": 44
      },
      "spriteSourceSize": {
        "x": 0,
        "y": 1,
        "w": 63,
        "h": 44
      },
      "sourceSize": {
        "w": 64,
        "h": 46
      }
    }
  },
  "meta": {
    "app": "Phaser Editor",
    "version": "1",
    "image": "k3.png"
  }
}