{
  "frames": {
    "Attack_000": {
      "trimmed": true,
      "rotated": false,
      "frame": {
        "x": 580,
        "y": 0,
        "w": 40,
        "h": 28
      },
      "spriteSourceSize": {
        "x": 15,
        "y": 22,
        "w": 40,
        "h": 28
      },
      "sourceSize": {
        "w": 64,
        "h": 53
      }
    },
    "Attack_001": {
      "trimmed": true,
      "rotated": false,
      "frame": {
        "x": 422,
        "y": 21,
        "w": 38,
        "h": 46
      },
      "spriteSourceSize": {
        "x": 13,
        "y": 4,
        "w": 38,
        "h": 46
      },
      "sourceSize": {
        "w": 64,
        "h": 53
      }
    },
    "Attack_002": {
      "trimmed": true,
      "rotated": false,
      "frame": {
        "x": 390,
        "y": 21,
        "w": 32,
        "h": 49
      },
      "spriteSourceSize": {
        "x": 6,
        "y": 1,
        "w": 32,
        "h": 49
      },
      "sourceSize": {
        "w": 64,
        "h": 53
      }
    },
    "Attack_003": {
      "trimmed": true,
      "rotated": false,
      "frame": {
        "x": 645,
        "y": 63,
        "w": 37,
        "h": 41
      },
      "spriteSourceSize": {
        "x": 1,
        "y": 9,
        "w": 37,
        "h": 41
      },
      "sourceSize": {
        "w": 64,
        "h": 53
      }
    },
    "Attack_004": {
      "trimmed": true,
      "rotated": false,
      "frame": {
        "x": 508,
        "y": 17,
        "w": 28,
        "h": 50
      },
      "spriteSourceSize": {
        "x": 9,
        "y": 2,
        "w": 28,
        "h": 50
      },
      "sourceSize": {
        "w": 64,
        "h": 53
      }
    },
    "Attack_005": {
      "trimmed": true,
      "rotated": false,
      "frame": {
        "x": 789,
        "y": 87,
        "w": 52,
        "h": 25
      },
      "spriteSourceSize": {
        "x": 11,
        "y": 25,
        "w": 52,
        "h": 25
      },
      "sourceSize": {
        "w": 64,
        "h": 53
      }
    },
    "Attack_006": {
      "trimmed": true,
      "rotated": false,
      "frame": {
        "x": 886,
        "y": 23,
        "w": 50,
        "h": 27
      },
      "spriteSourceSize": {
        "x": 13,
        "y": 24,
        "w": 50,
        "h": 27
      },
      "sourceSize": {
        "w": 64,
        "h": 53
      }
    },
    "Attack_007": {
      "trimmed": true,
      "rotated": false,
      "frame": {
        "x": 0,
        "y": 0,
        "w": 51,
        "h": 26
      },
      "spriteSourceSize": {
        "x": 11,
        "y": 25,
        "w": 51,
        "h": 26
      },
      "sourceSize": {
        "w": 64,
        "h": 53
      }
    },
    "Attack_008": {
      "trimmed": true,
      "rotated": false,
      "frame": {
        "x": 886,
        "y": 50,
        "w": 51,
        "h": 27
      },
      "spriteSourceSize": {
        "x": 10,
        "y": 24,
        "w": 51,
        "h": 27
      },
      "sourceSize": {
        "w": 64,
        "h": 53
      }
    },
    "Attack_009": {
      "trimmed": true,
      "rotated": false,
      "frame": {
        "x": 51,
        "y": 0,
        "w": 46,
        "h": 26
      },
      "spriteSourceSize": {
        "x": 12,
        "y": 24,
        "w": 46,
        "h": 26
      },
      "sourceSize": {
        "w": 64,
        "h": 53
      }
    },
    "Dead_000": {
      "trimmed": true,
      "rotated": false,
      "frame": {
        "x": 536,
        "y": 28,
        "w": 53,
        "h": 38
      },
      "spriteSourceSize": {
        "x": 0,
        "y": 0,
        "w": 53,
        "h": 38
      },
      "sourceSize": {
        "w": 64,
        "h": 50
      }
    },
    "Dead_001": {
      "trimmed": true,
      "rotated": false,
      "frame": {
        "x": 589,
        "y": 28,
        "w": 53,
        "h": 38
      },
      "spriteSourceSize": {
        "x": 1,
        "y": 0,
        "w": 53,
        "h": 38
      },
      "sourceSize": {
        "w": 64,
        "h": 50
      }
    },
    "Dead_002": {
      "trimmed": true,
      "rotated": false,
      "frame": {
        "x": 591,
        "y": 66,
        "w": 54,
        "h": 38
      },
      "spriteSourceSize": {
        "x": 1,
        "y": 0,
        "w": 54,
        "h": 38
      },
      "sourceSize": {
        "w": 64,
        "h": 50
      }
    },
    "Dead_003": {
      "trimmed": true,
      "rotated": false,
      "frame": {
        "x": 481,
        "y": 67,
        "w": 55,
        "h": 37
      },
      "spriteSourceSize": {
        "x": 1,
        "y": 1,
        "w": 55,
        "h": 37
      },
      "sourceSize": {
        "w": 64,
        "h": 50
      }
    },
    "Dead_004": {
      "trimmed": true,
      "rotated": false,
      "frame": {
        "x": 536,
        "y": 66,
        "w": 55,
        "h": 38
      },
      "spriteSourceSize": {
        "x": 3,
        "y": 1,
        "w": 55,
        "h": 38
      },
      "sourceSize": {
        "w": 64,
        "h": 50
      }
    },
    "Dead_005": {
      "trimmed": true,
      "rotated": false,
      "frame": {
        "x": 668,
        "y": 108,
        "w": 61,
        "h": 38
      },
      "spriteSourceSize": {
        "x": 2,
        "y": 3,
        "w": 61,
        "h": 38
      },
      "sourceSize": {
        "w": 64,
        "h": 50
      }
    },
    "Dead_006": {
      "trimmed": true,
      "rotated": false,
      "frame": {
        "x": 789,
        "y": 112,
        "w": 61,
        "h": 34
      },
      "spriteSourceSize": {
        "x": 2,
        "y": 9,
        "w": 61,
        "h": 34
      },
      "sourceSize": {
        "w": 64,
        "h": 50
      }
    },
    "Dead_007": {
      "trimmed": true,
      "rotated": false,
      "frame": {
        "x": 620,
        "y": 0,
        "w": 51,
        "h": 22
      },
      "spriteSourceSize": {
        "x": 7,
        "y": 16,
        "w": 51,
        "h": 22
      },
      "sourceSize": {
        "w": 64,
        "h": 50
      }
    },
    "Dead_008": {
      "trimmed": true,
      "rotated": false,
      "frame": {
        "x": 444,
        "y": 0,
        "w": 53,
        "h": 21
      },
      "spriteSourceSize": {
        "x": 5,
        "y": 18,
        "w": 53,
        "h": 21
      },
      "sourceSize": {
        "w": 64,
        "h": 50
      }
    },
    "Dead_009": {
      "trimmed": true,
      "rotated": false,
      "frame": {
        "x": 390,
        "y": 0,
        "w": 54,
        "h": 21
      },
      "spriteSourceSize": {
        "x": 5,
        "y": 19,
        "w": 54,
        "h": 21
      },
      "sourceSize": {
        "w": 64,
        "h": 50
      }
    },
    "Hurt_000": {
      "trimmed": true,
      "rotated": false,
      "frame": {
        "x": 731,
        "y": 72,
        "w": 53,
        "h": 38
      },
      "spriteSourceSize": {
        "x": 10,
        "y": 10,
        "w": 53,
        "h": 38
      },
      "sourceSize": {
        "w": 64,
        "h": 50
      }
    },
    "Hurt_001": {
      "trimmed": true,
      "rotated": false,
      "frame": {
        "x": 164,
        "y": 65,
        "w": 56,
        "h": 40
      },
      "spriteSourceSize": {
        "x": 6,
        "y": 0,
        "w": 56,
        "h": 40
      },
      "sourceSize": {
        "w": 64,
        "h": 50
      }
    },
    "Hurt_002": {
      "trimmed": true,
      "rotated": false,
      "frame": {
        "x": 460,
        "y": 23,
        "w": 48,
        "h": 44
      },
      "spriteSourceSize": {
        "x": 2,
        "y": 4,
        "w": 48,
        "h": 44
      },
      "sourceSize": {
        "w": 64,
        "h": 50
      }
    },
    "Hurt_003": {
      "trimmed": true,
      "rotated": false,
      "frame": {
        "x": 43,
        "y": 26,
        "w": 49,
        "h": 43
      },
      "spriteSourceSize": {
        "x": 2,
        "y": 5,
        "w": 49,
        "h": 43
      },
      "sourceSize": {
        "w": 64,
        "h": 50
      }
    },
    "Hurt_004": {
      "trimmed": true,
      "rotated": false,
      "frame": {
        "x": 682,
        "y": 66,
        "w": 49,
        "h": 42
      },
      "spriteSourceSize": {
        "x": 2,
        "y": 6,
        "w": 49,
        "h": 42
      },
      "sourceSize": {
        "w": 64,
        "h": 50
      }
    },
    "Hurt_005": {
      "trimmed": true,
      "rotated": false,
      "frame": {
        "x": 642,
        "y": 22,
        "w": 50,
        "h": 41
      },
      "spriteSourceSize": {
        "x": 2,
        "y": 7,
        "w": 50,
        "h": 41
      },
      "sourceSize": {
        "w": 64,
        "h": 50
      }
    },
    "Hurt_006": {
      "trimmed": true,
      "rotated": false,
      "frame": {
        "x": 275,
        "y": 65,
        "w": 49,
        "h": 40
      },
      "spriteSourceSize": {
        "x": 3,
        "y": 8,
        "w": 49,
        "h": 40
      },
      "sourceSize": {
        "w": 64,
        "h": 50
      }
    },
    "Hurt_007": {
      "trimmed": true,
      "rotated": false,
      "frame": {
        "x": 692,
        "y": 26,
        "w": 51,
        "h": 40
      },
      "spriteSourceSize": {
        "x": 3,
        "y": 9,
        "w": 51,
        "h": 40
      },
      "sourceSize": {
        "w": 64,
        "h": 50
      }
    },
    "Hurt_008": {
      "trimmed": true,
      "rotated": false,
      "frame": {
        "x": 220,
        "y": 65,
        "w": 55,
        "h": 40
      },
      "spriteSourceSize": {
        "x": 5,
        "y": 0,
        "w": 55,
        "h": 40
      },
      "sourceSize": {
        "w": 64,
        "h": 50
      }
    },
    "Hurt_009": {
      "trimmed": true,
      "rotated": false,
      "frame": {
        "x": 324,
        "y": 67,
        "w": 55,
        "h": 39
      },
      "spriteSourceSize": {
        "x": 8,
        "y": 0,
        "w": 55,
        "h": 39
      },
      "sourceSize": {
        "w": 64,
        "h": 50
      }
    },
    "Idle_000": {
      "trimmed": true,
      "rotated": false,
      "frame": {
        "x": 488,
        "y": 104,
        "w": 60,
        "h": 42
      },
      "spriteSourceSize": {
        "x": 1,
        "y": 0,
        "w": 60,
        "h": 42
      },
      "sourceSize": {
        "w": 64,
        "h": 43
      }
    },
    "Idle_001": {
      "trimmed": true,
      "rotated": false,
      "frame": {
        "x": 548,
        "y": 104,
        "w": 60,
        "h": 42
      },
      "spriteSourceSize": {
        "x": 1,
        "y": 0,
        "w": 60,
        "h": 42
      },
      "sourceSize": {
        "w": 64,
        "h": 43
      }
    },
    "Idle_002": {
      "trimmed": true,
      "rotated": false,
      "frame": {
        "x": 238,
        "y": 105,
        "w": 62,
        "h": 41
      },
      "spriteSourceSize": {
        "x": 0,
        "y": 1,
        "w": 62,
        "h": 41
      },
      "sourceSize": {
        "w": 64,
        "h": 43
      }
    },
    "Idle_003": {
      "trimmed": true,
      "rotated": false,
      "frame": {
        "x": 112,
        "y": 105,
        "w": 63,
        "h": 41
      },
      "spriteSourceSize": {
        "x": 0,
        "y": 1,
        "w": 63,
        "h": 41
      },
      "sourceSize": {
        "w": 64,
        "h": 43
      }
    },
    "Idle_004": {
      "trimmed": true,
      "rotated": false,
      "frame": {
        "x": 300,
        "y": 106,
        "w": 63,
        "h": 40
      },
      "spriteSourceSize": {
        "x": 0,
        "y": 2,
        "w": 63,
        "h": 40
      },
      "sourceSize": {
        "w": 64,
        "h": 43
      }
    },
    "Idle_005": {
      "trimmed": true,
      "rotated": false,
      "frame": {
        "x": 48,
        "y": 105,
        "w": 64,
        "h": 41
      },
      "spriteSourceSize": {
        "x": 0,
        "y": 0,
        "w": 64,
        "h": 41
      },
      "sourceSize": {
        "w": 64,
        "h": 43
      }
    },
    "Idle_006": {
      "trimmed": true,
      "rotated": false,
      "frame": {
        "x": 363,
        "y": 106,
        "w": 63,
        "h": 40
      },
      "spriteSourceSize": {
        "x": 0,
        "y": 2,
        "w": 63,
        "h": 40
      },
      "sourceSize": {
        "w": 64,
        "h": 43
      }
    },
    "Idle_007": {
      "trimmed": true,
      "rotated": false,
      "frame": {
        "x": 175,
        "y": 105,
        "w": 63,
        "h": 41
      },
      "spriteSourceSize": {
        "x": 0,
        "y": 1,
        "w": 63,
        "h": 41
      },
      "sourceSize": {
        "w": 64,
        "h": 43
      }
    },
    "Idle_008": {
      "trimmed": true,
      "rotated": false,
      "frame": {
        "x": 426,
        "y": 105,
        "w": 62,
        "h": 41
      },
      "spriteSourceSize": {
        "x": 0,
        "y": 1,
        "w": 62,
        "h": 41
      },
      "sourceSize": {
        "w": 64,
        "h": 43
      }
    },
    "Idle_009": {
      "trimmed": true,
      "rotated": false,
      "frame": {
        "x": 608,
        "y": 104,
        "w": 60,
        "h": 42
      },
      "spriteSourceSize": {
        "x": 1,
        "y": 0,
        "w": 60,
        "h": 42
      },
      "sourceSize": {
        "w": 64,
        "h": 43
      }
    },
    "Jump_000": {
      "trimmed": true,
      "rotated": false,
      "frame": {
        "x": 937,
        "y": 47,
        "w": 42,
        "h": 30
      },
      "spriteSourceSize": {
        "x": 6,
        "y": 18,
        "w": 42,
        "h": 30
      },
      "sourceSize": {
        "w": 64,
        "h": 52
      }
    },
    "Jump_001": {
      "trimmed": true,
      "rotated": false,
      "frame": {
        "x": 936,
        "y": 18,
        "w": 43,
        "h": 29
      },
      "spriteSourceSize": {
        "x": 5,
        "y": 20,
        "w": 43,
        "h": 29
      },
      "sourceSize": {
        "w": 64,
        "h": 52
      }
    },
    "Jump_002": {
      "trimmed": true,
      "rotated": false,
      "frame": {
        "x": 953,
        "y": 82,
        "w": 37,
        "h": 30
      },
      "spriteSourceSize": {
        "x": 9,
        "y": 10,
        "w": 37,
        "h": 30
      },
      "sourceSize": {
        "w": 64,
        "h": 52
      }
    },
    "Jump_003": {
      "trimmed": true,
      "rotated": false,
      "frame": {
        "x": 836,
        "y": 48,
        "w": 50,
        "h": 31
      },
      "spriteSourceSize": {
        "x": 5,
        "y": 8,
        "w": 50,
        "h": 31
      },
      "sourceSize": {
        "w": 64,
        "h": 52
      }
    },
    "Jump_004": {
      "trimmed": true,
      "rotated": false,
      "frame": {
        "x": 850,
        "y": 115,
        "w": 63,
        "h": 31
      },
      "spriteSourceSize": {
        "x": 0,
        "y": 11,
        "w": 63,
        "h": 31
      },
      "sourceSize": {
        "w": 64,
        "h": 52
      }
    },
    "Jump_005": {
      "trimmed": true,
      "rotated": false,
      "frame": {
        "x": 107,
        "y": 60,
        "w": 57,
        "h": 45
      },
      "spriteSourceSize": {
        "x": 0,
        "y": 1,
        "w": 57,
        "h": 45
      },
      "sourceSize": {
        "w": 64,
        "h": 52
      }
    },
    "Jump_006": {
      "trimmed": true,
      "rotated": false,
      "frame": {
        "x": 692,
        "y": 0,
        "w": 43,
        "h": 26
      },
      "spriteSourceSize": {
        "x": 7,
        "y": 22,
        "w": 43,
        "h": 26
      },
      "sourceSize": {
        "w": 64,
        "h": 52
      }
    },
    "Jump_007": {
      "trimmed": true,
      "rotated": false,
      "frame": {
        "x": 840,
        "y": 21,
        "w": 44,
        "h": 27
      },
      "spriteSourceSize": {
        "x": 6,
        "y": 21,
        "w": 44,
        "h": 27
      },
      "sourceSize": {
        "w": 64,
        "h": 52
      }
    },
    "Jump_008": {
      "trimmed": true,
      "rotated": false,
      "frame": {
        "x": 536,
        "y": 0,
        "w": 44,
        "h": 28
      },
      "spriteSourceSize": {
        "x": 6,
        "y": 21,
        "w": 44,
        "h": 28
      },
      "sourceSize": {
        "w": 64,
        "h": 52
      }
    },
    "Jump_009": {
      "trimmed": true,
      "rotated": false,
      "frame": {
        "x": 797,
        "y": 18,
        "w": 43,
        "h": 30
      },
      "spriteSourceSize": {
        "x": 6,
        "y": 19,
        "w": 43,
        "h": 30
      },
      "sourceSize": {
        "w": 64,
        "h": 52
      }
    },
    "Run_000": {
      "trimmed": true,
      "rotated": false,
      "frame": {
        "x": 208,
        "y": 7,
        "w": 39,
        "h": 58
      },
      "spriteSourceSize": {
        "x": 9,
        "y": 5,
        "w": 39,
        "h": 58
      },
      "sourceSize": {
        "w": 54,
        "h": 64
      }
    },
    "Run_001": {
      "trimmed": true,
      "rotated": false,
      "frame": {
        "x": 247,
        "y": 7,
        "w": 38,
        "h": 58
      },
      "spriteSourceSize": {
        "x": 4,
        "y": 5,
        "w": 38,
        "h": 58
      },
      "sourceSize": {
        "w": 54,
        "h": 64
      }
    },
    "Run_002": {
      "trimmed": true,
      "rotated": false,
      "frame": {
        "x": 355,
        "y": 10,
        "w": 35,
        "h": 57
      },
      "spriteSourceSize": {
        "x": 4,
        "y": 6,
        "w": 35,
        "h": 57
      },
      "sourceSize": {
        "w": 54,
        "h": 64
      }
    },
    "Run_003": {
      "trimmed": true,
      "rotated": false,
      "frame": {
        "x": 138,
        "y": 0,
        "w": 31,
        "h": 60
      },
      "spriteSourceSize": {
        "x": 8,
        "y": 3,
        "w": 31,
        "h": 60
      },
      "sourceSize": {
        "w": 54,
        "h": 64
      }
    },
    "Run_004": {
      "trimmed": true,
      "rotated": false,
      "frame": {
        "x": 169,
        "y": 6,
        "w": 39,
        "h": 59
      },
      "spriteSourceSize": {
        "x": 3,
        "y": 2,
        "w": 39,
        "h": 59
      },
      "sourceSize": {
        "w": 54,
        "h": 64
      }
    },
    "Run_005": {
      "trimmed": true,
      "rotated": false,
      "frame": {
        "x": 97,
        "y": 0,
        "w": 41,
        "h": 60
      },
      "spriteSourceSize": {
        "x": 4,
        "y": 3,
        "w": 41,
        "h": 60
      },
      "sourceSize": {
        "w": 54,
        "h": 64
      }
    },
    "Run_006": {
      "trimmed": true,
      "rotated": false,
      "frame": {
        "x": 285,
        "y": 6,
        "w": 36,
        "h": 59
      },
      "spriteSourceSize": {
        "x": 10,
        "y": 4,
        "w": 36,
        "h": 59
      },
      "sourceSize": {
        "w": 54,
        "h": 64
      }
    },
    "Run_007": {
      "trimmed": true,
      "rotated": false,
      "frame": {
        "x": 0,
        "y": 26,
        "w": 43,
        "h": 60
      },
      "spriteSourceSize": {
        "x": 3,
        "y": 2,
        "w": 43,
        "h": 60
      },
      "sourceSize": {
        "w": 54,
        "h": 64
      }
    },
    "Run_008": {
      "trimmed": true,
      "rotated": false,
      "frame": {
        "x": 0,
        "y": 86,
        "w": 48,
        "h": 60
      },
      "spriteSourceSize": {
        "x": 0,
        "y": 3,
        "w": 48,
        "h": 60
      },
      "sourceSize": {
        "w": 54,
        "h": 64
      }
    },
    "Run_009": {
      "trimmed": true,
      "rotated": false,
      "frame": {
        "x": 321,
        "y": 3,
        "w": 34,
        "h": 62
      },
      "spriteSourceSize": {
        "x": 10,
        "y": 1,
        "w": 34,
        "h": 62
      },
      "sourceSize": {
        "w": 54,
        "h": 64
      }
    },
    "Walk_000": {
      "trimmed": true,
      "rotated": false,
      "frame": {
        "x": 425,
        "y": 67,
        "w": 56,
        "h": 38
      },
      "spriteSourceSize": {
        "x": 4,
        "y": 0,
        "w": 56,
        "h": 38
      },
      "sourceSize": {
        "w": 64,
        "h": 40
      }
    },
    "Walk_001": {
      "trimmed": true,
      "rotated": false,
      "frame": {
        "x": 729,
        "y": 110,
        "w": 60,
        "h": 36
      },
      "spriteSourceSize": {
        "x": 1,
        "y": 2,
        "w": 60,
        "h": 36
      },
      "sourceSize": {
        "w": 64,
        "h": 40
      }
    },
    "Walk_002": {
      "trimmed": true,
      "rotated": false,
      "frame": {
        "x": 913,
        "y": 112,
        "w": 59,
        "h": 34
      },
      "spriteSourceSize": {
        "x": 1,
        "y": 4,
        "w": 59,
        "h": 34
      },
      "sourceSize": {
        "w": 64,
        "h": 40
      }
    },
    "Walk_003": {
      "trimmed": true,
      "rotated": false,
      "frame": {
        "x": 903,
        "y": 77,
        "w": 50,
        "h": 35
      },
      "spriteSourceSize": {
        "x": 6,
        "y": 3,
        "w": 50,
        "h": 35
      },
      "sourceSize": {
        "w": 64,
        "h": 40
      }
    },
    "Walk_004": {
      "trimmed": true,
      "rotated": false,
      "frame": {
        "x": 379,
        "y": 70,
        "w": 46,
        "h": 36
      },
      "spriteSourceSize": {
        "x": 8,
        "y": 2,
        "w": 46,
        "h": 36
      },
      "sourceSize": {
        "w": 64,
        "h": 40
      }
    },
    "Walk_005": {
      "trimmed": true,
      "rotated": false,
      "frame": {
        "x": 743,
        "y": 35,
        "w": 45,
        "h": 37
      },
      "spriteSourceSize": {
        "x": 9,
        "y": 1,
        "w": 45,
        "h": 37
      },
      "sourceSize": {
        "w": 64,
        "h": 40
      }
    },
    "Walk_006": {
      "trimmed": true,
      "rotated": false,
      "frame": {
        "x": 788,
        "y": 50,
        "w": 48,
        "h": 37
      },
      "spriteSourceSize": {
        "x": 9,
        "y": 1,
        "w": 48,
        "h": 37
      },
      "sourceSize": {
        "w": 64,
        "h": 40
      }
    },
    "Walk_007": {
      "trimmed": true,
      "rotated": false,
      "frame": {
        "x": 850,
        "y": 79,
        "w": 53,
        "h": 36
      },
      "spriteSourceSize": {
        "x": 8,
        "y": 2,
        "w": 53,
        "h": 36
      },
      "sourceSize": {
        "w": 64,
        "h": 40
      }
    },
    "Walk_008": {
      "trimmed": true,
      "rotated": false,
      "frame": {
        "x": 743,
        "y": 0,
        "w": 54,
        "h": 35
      },
      "spriteSourceSize": {
        "x": 8,
        "y": 3,
        "w": 54,
        "h": 35
      },
      "sourceSize": {
        "w": 64,
        "h": 40
      }
    },
    "Walk_009": {
      "trimmed": true,
      "rotated": false,
      "frame": {
        "x": 48,
        "y": 69,
        "w": 59,
        "h": 36
      },
      "spriteSourceSize": {
        "x": 4,
        "y": 3,
        "w": 59,
        "h": 36
      },
      "sourceSize": {
        "w": 64,
        "h": 40
      }
    }
  },
  "meta": {
    "app": "Phaser Editor",
    "version": "1",
    "image": "monster.png"
  }
}