{
  "level": [
    {
      "type": "image",
      "key": "mono",
      "url": "assets/images/mono.png",
      "overwrite": false
    },
    {
      "type": "spritesheet",
      "key": "tile_set",
      "url": "assets/tilemap/tile_set.png",
      "frameWidth": 64,
      "frameHeight": 64,
      "frameMax": -1,
      "margin": 0,
      "spacing": 0
    },
    {
      "type": "tilemap",
      "key": "lab7",
      "url": "assets/tilemap/lab7Full.json",
      "format": "TILED_JSON"
    },
    {
      "type": "image",
      "key": "bg1",
      "url": "assets/images/shoikangrove.jpg",
      "overwrite": false
    },
    {
      "type": "atlas",
      "key": "cat",
      "textureURL": "assets/atlas/cat.png",
      "atlasURL": "assets/atlas/cat.json",
      "format": "TEXTURE_ATLAS_JSON_HASH"
    },
    {
      "type": "atlas",
      "key": "jack",
      "textureURL": "assets/atlas/jack.png",
      "atlasURL": "assets/atlas/jack.json",
      "format": "TEXTURE_ATLAS_JSON_HASH"
    }
  ],
  "start": [{
    "type": "image",
    "key": "tap-to-start",
    "url": "assets/images/resize1.jpg",
    "overwrite": false
  }],
  "preload": [{
    "type": "image",
    "key": "loading",
    "url": "assets/images/loading.png",
    "overwrite": false
  }],
  "meta": {
    "generated": "1510901548925",
    "app": "Phaser Editor",
    "url": "http://phasereditor.boniatillo.com",
    "version": "1.0",
    "copyright": "Arian Fornaris (c) 2015,2016"
  }
}