{
  "frames": {
    "Dead (1)": {
      "trimmed": true,
      "rotated": false,
      "frame": {
        "x": 1133,
        "y": 80,
        "w": 32,
        "h": 43
      },
      "spriteSourceSize": {
        "x": 10,
        "y": 6,
        "w": 32,
        "h": 43
      },
      "sourceSize": {
        "w": 64,
        "h": 52
      }
    },
    "Dead (10)": {
      "trimmed": true,
      "rotated": false,
      "frame": {
        "x": 970,
        "y": 0,
        "w": 41,
        "h": 31
      },
      "spriteSourceSize": {
        "x": 12,
        "y": 18,
        "w": 41,
        "h": 31
      },
      "sourceSize": {
        "w": 64,
        "h": 52
      }
    },
    "Dead (9)": {
      "trimmed": true,
      "rotated": false,
      "frame": {
        "x": 970,
        "y": 0,
        "w": 41,
        "h": 31
      },
      "spriteSourceSize": {
        "x": 12,
        "y": 18,
        "w": 41,
        "h": 31
      },
      "sourceSize": {
        "w": 64,
        "h": 52
      }
    },
    "Dead (2)": {
      "trimmed": true,
      "rotated": false,
      "frame": {
        "x": 1103,
        "y": 27,
        "w": 36,
        "h": 37
      },
      "spriteSourceSize": {
        "x": 11,
        "y": 12,
        "w": 36,
        "h": 37
      },
      "sourceSize": {
        "w": 64,
        "h": 52
      }
    },
    "Dead (3)": {
      "trimmed": true,
      "rotated": false,
      "frame": {
        "x": 1011,
        "y": 0,
        "w": 40,
        "h": 33
      },
      "spriteSourceSize": {
        "x": 13,
        "y": 16,
        "w": 40,
        "h": 33
      },
      "sourceSize": {
        "w": 64,
        "h": 52
      }
    },
    "Dead (4)": {
      "trimmed": true,
      "rotated": false,
      "frame": {
        "x": 928,
        "y": 31,
        "w": 45,
        "h": 33
      },
      "spriteSourceSize": {
        "x": 11,
        "y": 17,
        "w": 45,
        "h": 33
      },
      "sourceSize": {
        "w": 64,
        "h": 52
      }
    },
    "Dead (5)": {
      "trimmed": true,
      "rotated": false,
      "frame": {
        "x": 973,
        "y": 34,
        "w": 48,
        "h": 30
      },
      "spriteSourceSize": {
        "x": 11,
        "y": 19,
        "w": 48,
        "h": 30
      },
      "sourceSize": {
        "w": 64,
        "h": 52
      }
    },
    "Dead (6)": {
      "trimmed": true,
      "rotated": false,
      "frame": {
        "x": 928,
        "y": 0,
        "w": 42,
        "h": 31
      },
      "spriteSourceSize": {
        "x": 12,
        "y": 19,
        "w": 42,
        "h": 31
      },
      "sourceSize": {
        "w": 64,
        "h": 52
      }
    },
    "Dead (7)": {
      "trimmed": true,
      "rotated": false,
      "frame": {
        "x": 1021,
        "y": 33,
        "w": 41,
        "h": 31
      },
      "spriteSourceSize": {
        "x": 12,
        "y": 18,
        "w": 41,
        "h": 31
      },
      "sourceSize": {
        "w": 64,
        "h": 52
      }
    },
    "Dead (8)": {
      "trimmed": true,
      "rotated": false,
      "frame": {
        "x": 1062,
        "y": 33,
        "w": 41,
        "h": 31
      },
      "spriteSourceSize": {
        "x": 12,
        "y": 18,
        "w": 41,
        "h": 31
      },
      "sourceSize": {
        "w": 64,
        "h": 52
      }
    },
    "Idle (1)": {
      "trimmed": true,
      "rotated": false,
      "frame": {
        "x": 938,
        "y": 64,
        "w": 39,
        "h": 59
      },
      "spriteSourceSize": {
        "x": 3,
        "y": 3,
        "w": 39,
        "h": 59
      },
      "sourceSize": {
        "w": 49,
        "h": 64
      }
    },
    "Idle (10)": {
      "trimmed": true,
      "rotated": false,
      "frame": {
        "x": 977,
        "y": 64,
        "w": 39,
        "h": 59
      },
      "spriteSourceSize": {
        "x": 3,
        "y": 3,
        "w": 39,
        "h": 59
      },
      "sourceSize": {
        "w": 49,
        "h": 64
      }
    },
    "Idle (2)": {
      "trimmed": true,
      "rotated": false,
      "frame": {
        "x": 1016,
        "y": 64,
        "w": 39,
        "h": 59
      },
      "spriteSourceSize": {
        "x": 3,
        "y": 3,
        "w": 39,
        "h": 59
      },
      "sourceSize": {
        "w": 49,
        "h": 64
      }
    },
    "Idle (3)": {
      "trimmed": true,
      "rotated": false,
      "frame": {
        "x": 1055,
        "y": 64,
        "w": 39,
        "h": 59
      },
      "spriteSourceSize": {
        "x": 3,
        "y": 3,
        "w": 39,
        "h": 59
      },
      "sourceSize": {
        "w": 49,
        "h": 64
      }
    },
    "Idle (4)": {
      "trimmed": true,
      "rotated": false,
      "frame": {
        "x": 1094,
        "y": 64,
        "w": 39,
        "h": 59
      },
      "spriteSourceSize": {
        "x": 3,
        "y": 3,
        "w": 39,
        "h": 59
      },
      "sourceSize": {
        "w": 49,
        "h": 64
      }
    },
    "Idle (5)": {
      "trimmed": true,
      "rotated": false,
      "frame": {
        "x": 700,
        "y": 64,
        "w": 40,
        "h": 59
      },
      "spriteSourceSize": {
        "x": 3,
        "y": 3,
        "w": 40,
        "h": 59
      },
      "sourceSize": {
        "w": 49,
        "h": 64
      }
    },
    "Idle (6)": {
      "trimmed": true,
      "rotated": false,
      "frame": {
        "x": 740,
        "y": 64,
        "w": 40,
        "h": 59
      },
      "spriteSourceSize": {
        "x": 3,
        "y": 3,
        "w": 40,
        "h": 59
      },
      "sourceSize": {
        "w": 49,
        "h": 64
      }
    },
    "Idle (7)": {
      "trimmed": true,
      "rotated": false,
      "frame": {
        "x": 780,
        "y": 64,
        "w": 40,
        "h": 59
      },
      "spriteSourceSize": {
        "x": 3,
        "y": 3,
        "w": 40,
        "h": 59
      },
      "sourceSize": {
        "w": 49,
        "h": 64
      }
    },
    "Idle (8)": {
      "trimmed": true,
      "rotated": false,
      "frame": {
        "x": 347,
        "y": 1,
        "w": 39,
        "h": 59
      },
      "spriteSourceSize": {
        "x": 3,
        "y": 3,
        "w": 39,
        "h": 59
      },
      "sourceSize": {
        "w": 49,
        "h": 64
      }
    },
    "Idle (9)": {
      "trimmed": true,
      "rotated": false,
      "frame": {
        "x": 386,
        "y": 1,
        "w": 39,
        "h": 59
      },
      "spriteSourceSize": {
        "x": 3,
        "y": 3,
        "w": 39,
        "h": 59
      },
      "sourceSize": {
        "w": 49,
        "h": 64
      }
    },
    "Jump (1)": {
      "trimmed": true,
      "rotated": false,
      "frame": {
        "x": 158,
        "y": 0,
        "w": 38,
        "h": 60
      },
      "spriteSourceSize": {
        "x": 7,
        "y": 3,
        "w": 38,
        "h": 60
      },
      "sourceSize": {
        "w": 49,
        "h": 64
      }
    },
    "Jump (10)": {
      "trimmed": true,
      "rotated": false,
      "frame": {
        "x": 544,
        "y": 2,
        "w": 37,
        "h": 58
      },
      "spriteSourceSize": {
        "x": 7,
        "y": 4,
        "w": 37,
        "h": 58
      },
      "sourceSize": {
        "w": 49,
        "h": 64
      }
    },
    "Jump (2)": {
      "trimmed": true,
      "rotated": false,
      "frame": {
        "x": 310,
        "y": 0,
        "w": 37,
        "h": 60
      },
      "spriteSourceSize": {
        "x": 6,
        "y": 2,
        "w": 37,
        "h": 60
      },
      "sourceSize": {
        "w": 49,
        "h": 64
      }
    },
    "Jump (3)": {
      "trimmed": true,
      "rotated": false,
      "frame": {
        "x": 503,
        "y": 6,
        "w": 41,
        "h": 54
      },
      "spriteSourceSize": {
        "x": 1,
        "y": 2,
        "w": 41,
        "h": 54
      },
      "sourceSize": {
        "w": 49,
        "h": 64
      }
    },
    "Jump (4)": {
      "trimmed": true,
      "rotated": false,
      "frame": {
        "x": 809,
        "y": 8,
        "w": 40,
        "h": 54
      },
      "spriteSourceSize": {
        "x": 2,
        "y": 2,
        "w": 40,
        "h": 54
      },
      "sourceSize": {
        "w": 49,
        "h": 64
      }
    },
    "Jump (5)": {
      "trimmed": true,
      "rotated": false,
      "frame": {
        "x": 889,
        "y": 8,
        "w": 39,
        "h": 54
      },
      "spriteSourceSize": {
        "x": 2,
        "y": 2,
        "w": 39,
        "h": 54
      },
      "sourceSize": {
        "w": 49,
        "h": 64
      }
    },
    "Jump (6)": {
      "trimmed": true,
      "rotated": false,
      "frame": {
        "x": 849,
        "y": 8,
        "w": 40,
        "h": 54
      },
      "spriteSourceSize": {
        "x": 1,
        "y": 2,
        "w": 40,
        "h": 54
      },
      "sourceSize": {
        "w": 49,
        "h": 64
      }
    },
    "Jump (7)": {
      "trimmed": true,
      "rotated": false,
      "frame": {
        "x": 0,
        "y": 0,
        "w": 41,
        "h": 60
      },
      "spriteSourceSize": {
        "x": 1,
        "y": 2,
        "w": 41,
        "h": 60
      },
      "sourceSize": {
        "w": 49,
        "h": 64
      }
    },
    "Jump (8)": {
      "trimmed": true,
      "rotated": false,
      "frame": {
        "x": 574,
        "y": 64,
        "w": 42,
        "h": 59
      },
      "spriteSourceSize": {
        "x": 1,
        "y": 3,
        "w": 42,
        "h": 59
      },
      "sourceSize": {
        "w": 49,
        "h": 64
      }
    },
    "Jump (9)": {
      "trimmed": true,
      "rotated": false,
      "frame": {
        "x": 659,
        "y": 65,
        "w": 41,
        "h": 58
      },
      "spriteSourceSize": {
        "x": 3,
        "y": 3,
        "w": 41,
        "h": 58
      },
      "sourceSize": {
        "w": 49,
        "h": 64
      }
    },
    "Run (1)": {
      "trimmed": true,
      "rotated": false,
      "frame": {
        "x": 41,
        "y": 0,
        "w": 39,
        "h": 60
      },
      "spriteSourceSize": {
        "x": 6,
        "y": 3,
        "w": 39,
        "h": 60
      },
      "sourceSize": {
        "w": 49,
        "h": 64
      }
    },
    "Run (2)": {
      "trimmed": true,
      "rotated": false,
      "frame": {
        "x": 860,
        "y": 62,
        "w": 38,
        "h": 61
      },
      "spriteSourceSize": {
        "x": 6,
        "y": 0,
        "w": 38,
        "h": 61
      },
      "sourceSize": {
        "w": 49,
        "h": 64
      }
    },
    "Run (3)": {
      "trimmed": true,
      "rotated": false,
      "frame": {
        "x": 463,
        "y": 4,
        "w": 40,
        "h": 56
      },
      "spriteSourceSize": {
        "x": 3,
        "y": 3,
        "w": 40,
        "h": 56
      },
      "sourceSize": {
        "w": 49,
        "h": 64
      }
    },
    "Run (4)": {
      "trimmed": true,
      "rotated": false,
      "frame": {
        "x": 425,
        "y": 1,
        "w": 38,
        "h": 59
      },
      "spriteSourceSize": {
        "x": 6,
        "y": 3,
        "w": 38,
        "h": 59
      },
      "sourceSize": {
        "w": 49,
        "h": 64
      }
    },
    "Run (5)": {
      "trimmed": true,
      "rotated": false,
      "frame": {
        "x": 196,
        "y": 0,
        "w": 38,
        "h": 60
      },
      "spriteSourceSize": {
        "x": 7,
        "y": 3,
        "w": 38,
        "h": 60
      },
      "sourceSize": {
        "w": 49,
        "h": 64
      }
    },
    "Run (6)": {
      "trimmed": true,
      "rotated": false,
      "frame": {
        "x": 820,
        "y": 62,
        "w": 40,
        "h": 61
      },
      "spriteSourceSize": {
        "x": 4,
        "y": 0,
        "w": 40,
        "h": 61
      },
      "sourceSize": {
        "w": 49,
        "h": 64
      }
    },
    "Run (7)": {
      "trimmed": true,
      "rotated": false,
      "frame": {
        "x": 616,
        "y": 66,
        "w": 43,
        "h": 57
      },
      "spriteSourceSize": {
        "x": 0,
        "y": 3,
        "w": 43,
        "h": 57
      },
      "sourceSize": {
        "w": 49,
        "h": 64
      }
    },
    "Run (8)": {
      "trimmed": true,
      "rotated": false,
      "frame": {
        "x": 898,
        "y": 64,
        "w": 40,
        "h": 59
      },
      "spriteSourceSize": {
        "x": 4,
        "y": 3,
        "w": 40,
        "h": 59
      },
      "sourceSize": {
        "w": 49,
        "h": 64
      }
    },
    "Slide (1)": {
      "trimmed": true,
      "rotated": false,
      "frame": {
        "x": 289,
        "y": 61,
        "w": 58,
        "h": 62
      },
      "spriteSourceSize": {
        "x": 1,
        "y": 0,
        "w": 58,
        "h": 62
      },
      "sourceSize": {
        "w": 59,
        "h": 64
      }
    },
    "Slide (10)": {
      "trimmed": true,
      "rotated": false,
      "frame": {
        "x": 0,
        "y": 60,
        "w": 58,
        "h": 63
      },
      "spriteSourceSize": {
        "x": 1,
        "y": 0,
        "w": 58,
        "h": 63
      },
      "sourceSize": {
        "w": 59,
        "h": 64
      }
    },
    "Slide (2)": {
      "trimmed": true,
      "rotated": false,
      "frame": {
        "x": 58,
        "y": 60,
        "w": 58,
        "h": 63
      },
      "spriteSourceSize": {
        "x": 1,
        "y": 0,
        "w": 58,
        "h": 63
      },
      "sourceSize": {
        "w": 59,
        "h": 64
      }
    },
    "Slide (3)": {
      "trimmed": true,
      "rotated": false,
      "frame": {
        "x": 116,
        "y": 60,
        "w": 58,
        "h": 63
      },
      "spriteSourceSize": {
        "x": 1,
        "y": 0,
        "w": 58,
        "h": 63
      },
      "sourceSize": {
        "w": 59,
        "h": 64
      }
    },
    "Slide (4)": {
      "trimmed": true,
      "rotated": false,
      "frame": {
        "x": 232,
        "y": 60,
        "w": 57,
        "h": 63
      },
      "spriteSourceSize": {
        "x": 2,
        "y": 0,
        "w": 57,
        "h": 63
      },
      "sourceSize": {
        "w": 59,
        "h": 64
      }
    },
    "Slide (5)": {
      "trimmed": true,
      "rotated": false,
      "frame": {
        "x": 347,
        "y": 60,
        "w": 57,
        "h": 63
      },
      "spriteSourceSize": {
        "x": 2,
        "y": 0,
        "w": 57,
        "h": 63
      },
      "sourceSize": {
        "w": 59,
        "h": 64
      }
    },
    "Slide (6)": {
      "trimmed": true,
      "rotated": false,
      "frame": {
        "x": 518,
        "y": 60,
        "w": 56,
        "h": 63
      },
      "spriteSourceSize": {
        "x": 3,
        "y": 0,
        "w": 56,
        "h": 63
      },
      "sourceSize": {
        "w": 59,
        "h": 64
      }
    },
    "Slide (7)": {
      "trimmed": true,
      "rotated": false,
      "frame": {
        "x": 404,
        "y": 60,
        "w": 57,
        "h": 63
      },
      "spriteSourceSize": {
        "x": 2,
        "y": 0,
        "w": 57,
        "h": 63
      },
      "sourceSize": {
        "w": 59,
        "h": 64
      }
    },
    "Slide (8)": {
      "trimmed": true,
      "rotated": false,
      "frame": {
        "x": 461,
        "y": 60,
        "w": 57,
        "h": 63
      },
      "spriteSourceSize": {
        "x": 2,
        "y": 0,
        "w": 57,
        "h": 63
      },
      "sourceSize": {
        "w": 59,
        "h": 64
      }
    },
    "Slide (9)": {
      "trimmed": true,
      "rotated": false,
      "frame": {
        "x": 174,
        "y": 60,
        "w": 58,
        "h": 63
      },
      "spriteSourceSize": {
        "x": 1,
        "y": 0,
        "w": 58,
        "h": 63
      },
      "sourceSize": {
        "w": 59,
        "h": 64
      }
    },
    "Walk (1)": {
      "trimmed": true,
      "rotated": false,
      "frame": {
        "x": 80,
        "y": 0,
        "w": 39,
        "h": 60
      },
      "spriteSourceSize": {
        "x": 3,
        "y": 2,
        "w": 39,
        "h": 60
      },
      "sourceSize": {
        "w": 49,
        "h": 64
      }
    },
    "Walk (10)": {
      "trimmed": true,
      "rotated": false,
      "frame": {
        "x": 657,
        "y": 4,
        "w": 38,
        "h": 61
      },
      "spriteSourceSize": {
        "x": 3,
        "y": 2,
        "w": 38,
        "h": 61
      },
      "sourceSize": {
        "w": 49,
        "h": 64
      }
    },
    "Walk (2)": {
      "trimmed": true,
      "rotated": false,
      "frame": {
        "x": 581,
        "y": 0,
        "w": 38,
        "h": 62
      },
      "spriteSourceSize": {
        "x": 3,
        "y": 0,
        "w": 38,
        "h": 62
      },
      "sourceSize": {
        "w": 49,
        "h": 64
      }
    },
    "Walk (3)": {
      "trimmed": true,
      "rotated": false,
      "frame": {
        "x": 695,
        "y": 3,
        "w": 38,
        "h": 61
      },
      "spriteSourceSize": {
        "x": 3,
        "y": 2,
        "w": 38,
        "h": 61
      },
      "sourceSize": {
        "w": 49,
        "h": 64
      }
    },
    "Walk (4)": {
      "trimmed": true,
      "rotated": false,
      "frame": {
        "x": 234,
        "y": 0,
        "w": 38,
        "h": 60
      },
      "spriteSourceSize": {
        "x": 3,
        "y": 2,
        "w": 38,
        "h": 60
      },
      "sourceSize": {
        "w": 49,
        "h": 64
      }
    },
    "Walk (5)": {
      "trimmed": true,
      "rotated": false,
      "frame": {
        "x": 733,
        "y": 3,
        "w": 38,
        "h": 61
      },
      "spriteSourceSize": {
        "x": 3,
        "y": 2,
        "w": 38,
        "h": 61
      },
      "sourceSize": {
        "w": 49,
        "h": 64
      }
    },
    "Walk (6)": {
      "trimmed": true,
      "rotated": false,
      "frame": {
        "x": 119,
        "y": 0,
        "w": 39,
        "h": 60
      },
      "spriteSourceSize": {
        "x": 3,
        "y": 2,
        "w": 39,
        "h": 60
      },
      "sourceSize": {
        "w": 49,
        "h": 64
      }
    },
    "Walk (7)": {
      "trimmed": true,
      "rotated": false,
      "frame": {
        "x": 619,
        "y": 0,
        "w": 38,
        "h": 62
      },
      "spriteSourceSize": {
        "x": 3,
        "y": 0,
        "w": 38,
        "h": 62
      },
      "sourceSize": {
        "w": 49,
        "h": 64
      }
    },
    "Walk (8)": {
      "trimmed": true,
      "rotated": false,
      "frame": {
        "x": 771,
        "y": 3,
        "w": 38,
        "h": 61
      },
      "spriteSourceSize": {
        "x": 3,
        "y": 2,
        "w": 38,
        "h": 61
      },
      "sourceSize": {
        "w": 49,
        "h": 64
      }
    },
    "Walk (9)": {
      "trimmed": true,
      "rotated": false,
      "frame": {
        "x": 272,
        "y": 0,
        "w": 38,
        "h": 60
      },
      "spriteSourceSize": {
        "x": 3,
        "y": 2,
        "w": 38,
        "h": 60
      },
      "sourceSize": {
        "w": 49,
        "h": 64
      }
    }
  },
  "meta": {
    "app": "Phaser Editor",
    "version": "1",
    "image": "jack.png"
  }
}