{
  "level": [
    {
      "type": "image",
      "key": "mono",
      "url": "assets/images/mono.png",
      "overwrite": false
    },
    {
      "type": "spritesheet",
      "key": "tile_set",
      "url": "assets/tilemap/tile_set.png",
      "frameWidth": 64,
      "frameHeight": 64,
      "frameMax": -1,
      "margin": 0,
      "spacing": 0
    },
    {
      "type": "tilemap",
      "key": "lab7",
      "url": "assets/tilemap/lab7Full.json",
      "format": "TILED_JSON"
    },
    {
      "type": "image",
      "key": "bg1",
      "url": "assets/images/shoikangrove.jpg",
      "overwrite": false
    },
    {
      "type": "atlas",
      "key": "cat",
      "textureURL": "assets/atlas/cat.png",
      "atlasURL": "assets/atlas/cat.json",
      "format": "TEXTURE_ATLAS_JSON_HASH"
    },
    {
      "type": "atlas",
      "key": "jack",
      "textureURL": "assets/atlas/jack.png",
      "atlasURL": "assets/atlas/jack.json",
      "format": "TEXTURE_ATLAS_JSON_HASH"
    },
    {
      "type": "atlas",
      "key": "knight",
      "textureURL": "assets/atlas/knight.png",
      "atlasURL": "assets/atlas/knight.json",
      "format": "TEXTURE_ATLAS_JSON_HASH"
    },
    {
      "type": "atlas",
      "key": "k1",
      "textureURL": "assets/atlas/k1.png",
      "atlasURL": "assets/atlas/k1.json",
      "format": "TEXTURE_ATLAS_JSON_HASH"
    },
    {
      "type": "atlas",
      "key": "k3",
      "textureURL": "assets/atlas/k3.png",
      "atlasURL": "assets/atlas/k3.json",
      "format": "TEXTURE_ATLAS_JSON_HASH"
    },
    {
      "type": "atlas",
      "key": "T1",
      "textureURL": "assets/atlas/T1.png",
      "atlasURL": "assets/atlas/T1.json",
      "format": "TEXTURE_ATLAS_JSON_HASH"
    },
    {
      "type": "image",
      "key": "bullet",
      "url": "assets/images/Bullet.png",
      "overwrite": false
    },
    {
      "type": "image",
      "key": "bullet",
      "url": "assets/images/Bullet.png",
      "overwrite": false
    }
  ],
  "start": [
    {
      "type": "image",
      "key": "tap-to-start",
      "url": "assets/images/tap-to-start.png",
      "overwrite": false
    },
    {
      "type": "image",
      "key": "box_contact",
      "url": "assets/images/box_contact.png",
      "overwrite": false
    },
    {
      "type": "image",
      "key": "box_story",
      "url": "assets/images/box_story.png",
      "overwrite": false
    },
    {
      "type": "image",
      "key": "menugame",
      "url": "assets/images/menugame.png",
      "overwrite": false
    },
    {
      "type": "image",
      "key": "box_start",
      "url": "assets/images/box_start.png",
      "overwrite": false
    },
    {
      "type": "image",
      "key": "contact",
      "url": "assets/images/contact.png",
      "overwrite": false
    },
    {
      "type": "image",
      "key": "back",
      "url": "assets/images/back.png",
      "overwrite": false
    },
    {
      "type": "video",
      "key": "video",
      "urls": ["assets/video/The hungry braver.mp4"],
      "asBlob": false
    }
  ],
  "preload": [{
    "type": "image",
    "key": "loading",
    "url": "assets/images/loading.png",
    "overwrite": false
  }],
  "meta": {
    "generated": "1511508470324",
    "app": "Phaser Editor",
    "url": "http://phasereditor.boniatillo.com",
    "version": "1.0",
    "copyright": "Arian Fornaris (c) 2015,2016"
  }
}